node_id,donors_cm3,acceptors_cm3
0,10000000000000034,0
1,10000000000000034,0
2,10000000000000034,0
3,10000000000000034,0
4,10000000000000034,0
5,10000000000000034,0
6,10000000000000034,0
7,10000000000000034,0
8,10000000000000034,0
9,10000000000000034,0
10,10000000000000034,0
11,10000000000000034,0
12,10000000000000034,0
13,10000000000000034,0
14,10000000000000034,0
15,10000000000000034,0
16,10000000000000034,0
17,10000000000000034,0
18,10000000000000034,0
19,10000000000000034,0
20,10000000000000034,0
21,10000000000000034,0
22,10000000000000034,0
23,10000000000000034,0
24,10000000000000034,0
25,10000000000000034,0
26,10000000000000034,0
27,10000000000000034,0
28,10000000000000034,0
29,10000000000000034,0
30,10000000000000034,0
31,10000000000000034,0
32,10000000000000034,0
33,10000000000000034,0
34,10000000000000034,0
35,10000000000000034,0
36,10000000000000034,0
37,10000000000000034,0
38,10000000000000034,0
39,10000000000000034,0
40,10000000000000034,0
41,10000000000000034,0
42,10000000000000034,0
43,10000000000000034,0
44,10000000000000034,0
45,10000000000000034,0
46,10000000000000034,0
47,10000000000000034,0
48,10000000000000034,0
49,10000000000000034,0
50,10000000000000034,0
51,10000000000000034,0
52,10000000000000034,0
53,10000000000000034,0
54,10000000000000034,0
55,10000000000000034,0
56,10000000000000034,0
57,10000000000000034,0
58,10000000000000034,0
59,10000000000000034,0
60,10000000000000034,0
61,10000000000000034,0
62,10000000000000034,0
63,10000000000000034,0
64,10000000000000034,0
65,10000000000000034,0
66,10000000000000034,0
67,10000000000000034,0
68,10000000000000034,0
69,10000000000000034,0
70,10000000000000034,0
71,10000000000000034,0
72,10000000000000034,0
73,10000000000000034,0
74,10000000000000034,0
75,10000000000000034,0
76,10000000000000034,0
77,10000000000000034,0
78,10000000000000034,0
79,10000000000000034,0
80,10000000000000034,0
81,10000000000000034,0
82,10000000000000034,0
83,10000000000000034,0
84,10000000000000034,0
85,10000000000000034,0
86,10000000000000034,0
87,10000000000000034,0
88,10000000000000034,0
89,10000000000000034,0
90,10000000000000034,0
91,10000000000000034,0
92,10000000000000034,0
93,10000000000000034,0
94,10000000000000034,0
95,10000000000000034,0
96,10000000000000034,0
97,10000000000000034,0
98,10000000000000034,0
99,10000000000000034,0
100,10000000000000034,0
101,10000000000000034,0
102,10000000000000034,0
103,10000000000000034,0
104,10000000000000034,0
105,10000000000000034,0
106,10000000000000034,0
107,10000000000000034,0
108,10000000000000034,0
109,10000000000000034,0
110,10000000000000034,0
111,10000000000000034,0
112,10000000000000034,0
113,10000000000000034,0
114,10000000000000034,0
115,10000000000000034,0
116,10000000000000034,0
117,10000000000000034,0
118,10000000000000034,0
119,10000000000000034,0
120,10000000000000034,0
121,10000000000000034,0
122,10000000000000034,0
123,10000000000000034,0
124,10000000000000034,0
125,10000000000000034,0
126,10000000000000034,0
127,10000000000000034,0
128,10000000000000034,0
129,10000000000000034,0
130,10000000000000034,0
131,10000000000000034,0
132,10000000000000034,0
133,10000000000000034,0
134,10000000000000034,0
135,10000000000000034,0
136,10000000000000034,0
137,10000000000000034,0
138,10000000000000034,0
139,10000000000000034,0
140,10000000000000034,0
141,10000000000000034,0
142,10000000000000034,0
143,10000000000000034,0
144,10000000000000034,0
145,10000000000000034,0
146,10000000000000034,0
147,10000000000000034,0
148,10000000000000034,0
149,10000000000000034,0
150,10000000000000034,0
151,10000000000000034,0
152,10000000000000034,0
153,10000000000000034,0
154,10000000000000034,0
155,10000000000000034,0
156,10000000000000034,0
157,10000000000000034,0
158,10000000000000034,0
159,10000000000000034,0
160,10000000000000034,0
161,10000000000000034,0
162,10000000000000034,0
163,10000000000000034,0
164,10000000000000034,0
165,10000000000000034,0
166,10000000000000034,0
167,10000000000000034,0
168,10000000000000034,0
169,10000000000000034,0
170,10000000000000034,0
171,10000000000000034,0
172,10000000000000034,0
173,10000000000000034,0
174,10000000000000034,0
175,10000000000000034,0
176,10000000000000034,0
177,10000000000000034,0
178,10000000000000034,0
179,10000000000000034,0
180,10000000000000034,0
181,10000000000000034,0
182,10000000000000034,0
183,10000000000000034,0
184,10000000000000034,0
185,10000000000000034,0
186,10000000000000034,0
187,10000000000000034,0
188,10000000000000034,0
189,10000000000000034,0
190,10000000000000034,0
191,10000000000000034,0
192,10000000000000034,0
193,10000000000000034,0
194,10000000000000034,0
195,10000000000000034,0
196,10000000000000034,0
197,10000000000000034,0
198,10000000000000034,0
199,10000000000000034,0
200,10000000000000034,0
201,10000000000000034,0
202,10000000000000034,0
203,10000000000000034,0
204,10000000000000034,0
205,10000000000000034,0
206,10000000000000034,0
207,10000000000000034,0
208,10000000000000034,0
209,10000000000000034,0
210,10000000000000034,0
211,10000000000000034,0
212,10000000000000034,0
213,10000000000000034,0
214,10000000000000034,0
215,10000000000000034,0
216,10000000000000034,0
217,10000000000000034,0
218,10000000000000034,0
219,10000000000000034,0
220,10000000000000034,0
221,10000000000000034,0
222,10000000000000034,0
223,10000000000000034,0
224,10000000000000034,0
225,10000000000000034,0
226,10000000000000034,0
227,10000000000000034,0
228,10000000000000034,0
229,10000000000000034,0
230,10000000000000034,0
231,10000000000000034,0
232,10000000000000034,0
233,10000000000000034,0
234,10000000000000034,0
235,10000000000000034,0
236,10000000000000034,0
237,10000000000000034,0
238,10000000000000034,0
239,10000000000000034,0
240,10000000000000034,0
241,10000000000000034,0
242,10000000000000034,0
243,10000000000000034,0
244,10000000000000034,0
245,10000000000000034,0
246,10000000000000034,0
247,10000000000000034,0
248,10000000000000034,0
249,10000000000000034,0
250,10000000000000034,0
251,10000000000000034,0
252,10000000000000034,0
253,10000000000000034,0
254,10000000000000034,0
255,10000000000000034,0
256,10000000000000034,0
257,10000000000000034,0
258,10000000000000034,0
259,10000000000000034,0
260,10000000000000034,0
261,10000000000000034,0
262,10000000000000034,0
263,10000000000000034,0
264,10000000000000034,0
265,10000000000000034,0
266,10000000000000034,0
267,10000000000000034,0
268,10000000000000034,0
269,10000000000000034,0
270,10000000000000034,0
271,10000000000000034,0
272,10000000000000034,0
273,10000000000000034,0
274,10000000000000034,0
275,10000000000000034,0
276,10000000000000034,0
277,10000000000000034,0
278,10000000000000034,0
279,10000000000000034,0
280,10000000000000034,0
281,10000000000000034,0
282,10000000000000034,0
283,10000000000000034,0
284,10000000000000034,0
285,10000000000000034,0
286,10000000000000034,0
287,10000000000000034,0
288,10000000000000034,0
289,10000000000000034,0
290,10000000000000034,0
291,10000000000000034,0
292,10000000000000034,0
293,10000000000000034,0
294,10000000000000034,0
295,10000000000000034,0
296,10000000000000034,0
297,10000000000000034,0
298,10000000000000034,0
299,10000000000000034,0
300,10000000000000034,0
301,10000000000000034,0
302,10000000000000034,0
303,10000000000000034,0
304,10000000000000034,0
305,10000000000000034,0
306,10000000000000034,0
307,10000000000000034,0
308,10000000000000034,0
309,10000000000000034,0
310,10000000000000034,0
311,10000000000000034,0
312,10000000000000034,0
313,10000000000000034,0
314,10000000000000034,0
315,10000000000000034,0
316,10000000000000034,0
317,10000000000000034,0
318,10000000000000034,0
319,10000000000000034,0
320,10000000000000034,0
321,10000000000000034,0
322,10000000000000034,0
323,10000000000000034,0
324,10000000000000034,0
325,10000000000000034,0
326,10000000000000034,0
327,10000000000000034,0
328,10000000000000034,0
329,10000000000000034,0
330,10000000000000034,0
331,10000000000000034,0
332,10000000000000034,0
333,10000000000000034,0
334,10000000000000034,0
335,10000000000000034,0
336,10000000000000034,0
337,10000000000000034,0
338,10000000000000034,0
339,10000000000000034,0
340,10000000000000034,0
341,10000000000000034,0
342,10000000000000034,0
343,10000000000000034,0
344,10000000000000034,0
345,10000000000000034,0
346,10000000000000034,0
347,10000000000000034,0
348,10000000000000034,0
349,10000000000000034,0
350,10000000000000034,0
351,10000000000000034,0
352,10000000000000034,0
353,10000000000000034,0
354,10000000000000034,0
355,10000000000000034,0
356,10000000000000034,0
357,10000000000000034,0
358,10000000000000034,0
359,10000000000000034,0
360,10000000000000034,0
361,10000000000000034,0
362,10000000000000034,0
363,10000000000000034,0
364,10000000000000034,0
365,10000000000000034,0
366,10000000000000034,0
367,10000000000000034,0
368,10000000000000034,0
369,10000000000000034,0
370,10000000000000034,0
371,10000000000000034,0
372,10000000000000034,0
373,10000000000000034,0
374,10000000000000034,0
375,10000000000000034,0
376,10000000000000034,0
377,10000000000000034,0
378,10000000000000034,0
379,10000000000000034,0
380,10000000000000034,0
381,10000000000000034,0
382,10000000000000034,0
383,10000000000000034,0
384,10000000000000034,0
385,10000000000000034,0
386,10000000000000034,0
387,10000000000000034,0
388,10000000000000034,0
389,10000000000000034,0
390,10000000000000034,0
391,10000000000000034,0
392,10000000000000034,0
393,10000000000000034,0
394,10000000000000034,0
395,10000000000000034,0
396,10000000000000034,0
397,10000000000000034,0
398,10000000000000034,0
399,10000000000000034,0
400,10000000000000034,0
401,10000000000000034,0
402,10000000000000034,0
403,10000000000000034,0
404,10000000000000034,0
405,10000000000000034,0
406,10000000000000034,0
407,10000000000000034,0
408,10000000000000034,0
409,10000000000000034,0
410,10000000000000034,0
411,10000000000000034,0
412,10000000000000034,0
413,10000000000000034,0
414,10000000000000034,0
415,10000000000000034,0
416,10000000000000034,0
417,10000000000000034,0
418,10000000000000034,0
419,10000000000000034,0
420,10000000000000034,0
421,10000000000000034,0
422,10000000000000034,0
423,10000000000000034,0
424,10000000000000034,0
425,10000000000000034,0
426,10000000000000034,0
427,10000000000000034,0
428,10000000000000034,0
429,10000000000000034,0
430,10000000000000034,0
431,10000000000000034,0
432,10000000000000034,0
433,10000000000000034,0
434,10000000000000034,0
435,10000000000000034,0
436,10000000000000034,0
437,10000000000000034,0
438,10000000000000034,0
439,10000000000000034,0
440,10000000000000034,0
441,10000000000000034,0
442,10000000000000034,0
443,10000000000000034,0
444,10000000000000034,0
445,10000000000000034,0
446,10000000000000034,0
447,10000000000000034,0
448,10000000000000034,0
449,10000000000000034,0
450,10000000000000034,0
451,10000000000000034,0
452,10000000000000034,0
453,10000000000000034,0
454,10000000000000034,0
455,10000000000000034,0
456,10000000000000034,0
457,10000000000000034,0
458,10000000000000034,0
459,10000000000000034,0
460,10000000000000034,0
461,10000000000000034,0
462,10000000000000034,0
463,10000000000000034,0
464,10000000000000034,0
465,10000000000000034,0
466,10000000000000034,0
467,10000000000000034,0
468,10000000000000034,0
469,10000000000000034,0
470,10000000000000034,0
471,10000000000000034,0
472,10000000000000034,0
473,10000000000000034,0
474,10000000000000034,0
475,10000000000000034,0
476,10000000000000034,0
477,10000000000000034,0
478,10000000000000034,0
479,10000000000000034,0
480,10000000000000034,0
481,10000000000000034,0
482,10000000000000034,0
483,10000000000000034,0
484,10000000000000034,0
485,10000000000000034,0
486,10000000000000034,0
487,10000000000000034,0
488,10000000000000034,0
489,10000000000000034,0
490,10000000000000034,0
491,10000000000000034,0
492,10000000000000034,0
493,10000000000000034,0
494,10000000000000034,0
495,10000000000000034,0
496,10000000000000034,0
497,10000000000000034,0
498,10000000000000034,0
499,10000000000000034,0
500,10000000000000034,0
501,10000000000000034,0
502,10000000000000034,0
503,10000000000000034,0
504,10000000000000034,0
505,10000000000000034,0
506,10000000000000034,0
507,10000000000000034,0
508,10000000000000034,0
509,10000000000000034,0
510,10000000000000034,0
511,10000000000000034,0
512,10000000000000034,0
513,10000000000000034,0
514,10000000000000034,0
515,10000000000000034,0
516,10000000000000034,0
517,10000000000000034,0
518,10000000000000034,0
519,10000000000000034,0
520,10000000000000034,0
521,10000000000000034,0
522,10000000000000034,0
523,10000000000000034,0
524,10000000000000034,0
525,10000000000000034,0
526,10000000000000034,0
527,10000000000000034,0
528,10000000000000034,0
529,10000000000000034,0
530,10000000000000034,0
531,10000000000000034,0
532,10000000000000034,0
533,10000000000000034,0
534,10000000000000034,0
535,10000000000000034,0
536,10000000000000034,0
537,10000000000000034,0
538,10000000000000034,0
539,10000000000000034,0
540,10000000000000034,0
541,10000000000000034,0
542,10000000000000034,0
543,10000000000000034,0
544,10000000000000034,0
545,10000000000000034,0
546,10000000000000034,0
547,10000000000000034,0
548,10000000000000034,0
549,10000000000000034,0
550,10000000000000034,0
551,10000000000000034,0
552,10000000000000034,0
553,10000000000000034,0
554,10000000000000034,0
555,10000000000000034,0
556,10000000000000034,0
557,10000000000000034,0
558,10000000000000034,0
559,10000000000000034,0
560,10000000000000034,0
561,10000000000000034,0
562,10000000000000034,0
563,10000000000000034,0
564,10000000000000034,0
565,10000000000000034,0
566,10000000000000034,0
567,10000000000000034,0
568,10000000000000034,0
569,10000000000000034,0
570,10000000000000034,0
571,10000000000000034,0
572,10000000000000034,0
573,10000000000000034,0
574,10000000000000034,0
575,10000000000000034,0
576,10000000000000034,0
577,10000000000000034,0
578,10000000000000034,0
579,10000000000000034,0
580,10000000000000034,0
581,10000000000000034,0
582,10000000000000034,0
583,10000000000000034,0
584,10000000000000034,0
585,10000000000000034,0
586,10000000000000034,0
587,10000000000000034,0
588,10000000000000034,0
589,10000000000000034,0
590,10000000000000034,0
591,10000000000000034,0
592,10000000000000034,0
593,10000000000000034,0
594,10000000000000034,0
595,10000000000000034,0
596,10000000000000034,0
597,10000000000000034,0
598,10000000000000034,0
599,10000000000000034,0
600,10000000000000034,0
601,10000000000000034,0
602,10000000000000034,0
603,10000000000000034,0
604,10000000000000034,0
605,10000000000000034,0
606,10000000000000034,0
607,10000000000000034,0
608,10000000000000034,0
609,10000000000000034,0
610,10000000000000034,0
611,10000000000000034,0
612,10000000000000034,0
613,10000000000000034,0
614,10000000000000034,0
615,10000000000000034,0
616,10000000000000034,0
617,10000000000000034,0
618,10000000000000034,0
619,10000000000000034,0
620,10000000000000034,0
621,10000000000000034,0
622,10000000000000034,0
623,10000000000000034,0
624,10000000000000034,0
625,10000000000000034,0
626,10000000000000034,0
627,10000000000000034,0
628,10000000000000034,0
629,10000000000000034,0
630,10000000000000034,0
631,10000000000000034,0
632,10000000000000034,0
633,10000000000000034,0
634,10000000000000034,0
635,10000000000000034,0
636,10000000000000034,0
637,10000000000000034,0
638,10000000000000034,0
639,10000000000000034,0
640,10000000000000034,0
641,10000000000000034,0
642,10000000000000034,0
643,10000000000000034,0
644,10000000000000034,0
645,10000000000000034,0
646,10000000000000034,0
647,10000000000000034,0
648,10000000000000034,0
649,10000000000000034,0
650,10000000000000034,0
651,10000000000000034,0
652,10000000000000034,0
653,10000000000000034,0
654,10000000000000034,0
655,10000000000000034,0
656,10000000000000034,0
657,10000000000000034,0
658,10000000000000034,0
659,10000000000000034,0
660,10000000000000034,0
661,10000000000000034,0
662,10000000000000034,0
663,10000000000000034,0
664,10000000000000034,0
665,10000000000000034,0
666,10000000000000034,0
667,10000000000000034,0
668,10000000000000034,0
669,10000000000000034,0
670,10000000000000034,0
671,10000000000000034,0
672,10000000000000034,0
673,10000000000000034,0
674,10000000000000034,0
675,10000000000000034,0
676,10000000000000034,0
677,10000000000000034,0
678,10000000000000034,0
679,10000000000000034,0
680,10000000000000034,0
681,10000000000000034,0
682,10000000000000034,0
683,10000000000000034,0
684,10000000000000034,0
685,10000000000000034,0
686,10000000000000034,0
687,10000000000000034,0
688,10000000000000034,0
689,10000000000000034,0
690,10000000000000034,0
691,10000000000000034,0
692,10000000000000034,0
693,10000000000000034,0
694,10000000000000034,0
695,10000000000000034,0
696,10000000000000034,0
